{"cameraMode":{"drawMode":0,"name":"Shaded","section":"Shading Mode"},"sceneLighting":false,"audioPlay":false,"sceneViewState":{"m_AlwaysRefresh":false,"showFog":true,"showSkybox":false,"showFlares":true,"showImageEffects":true,"showParticleSystems":true,"showVisualEffectGraphs":true,"m_FxEnabled":true},"in2DMode":false,"pivot":{"x":0.044094569981098178,"y":0.32910123467445376,"z":-0.661649227142334},"rotation":{"x":0.18531115353107453,"y":0.19462481141090394,"z":-0.0374486967921257,"w":0.9625016450881958},"size":0.11191964894533158,"orthographic":false}