{"cameraMode":{"drawMode":0,"name":"Shaded","section":"Shading Mode"},"sceneLighting":false,"audioPlay":false,"sceneViewState":{"m_AlwaysRefresh":false,"showFog":true,"showSkybox":false,"showFlares":true,"showImageEffects":true,"showParticleSystems":true,"showVisualEffectGraphs":true,"m_FxEnabled":true},"in2DMode":false,"pivot":{"x":0.029268892481923105,"y":0.7540820837020874,"z":-0.5265778303146362},"rotation":{"x":-0.003047945909202099,"y":-0.9872099161148071,"z":0.15816445648670197,"w":-0.01973334327340126},"size":1.3366327285766602,"orthographic":false}